{"cameraMode":{"drawMode":0,"name":"Shaded","section":"Shading Mode"},"sceneLighting":false,"audioPlay":false,"sceneViewState":{"showFog":true,"showMaterialUpdate":true,"showSkybox":true,"showFlares":true,"showImageEffects":true,"showParticleSystems":true},"in2DMode":false,"pivot":{"x":395.43902587890627,"y":375.425537109375,"z":17.865219116210939},"rotation":{"x":0.04505971446633339,"y":-0.10321361571550369,"z":0.004680641461163759,"w":0.9936270713806152},"size":191.51202392578126,"orthographic":false}