{"cameraMode":{"drawMode":0,"name":"Shaded","section":"Shading Mode"},"sceneLighting":false,"audioPlay":false,"sceneViewState":{"showFog":true,"showMaterialUpdate":true,"showSkybox":true,"showFlares":true,"showImageEffects":true,"showParticleSystems":true},"in2DMode":false,"pivot":{"x":374.8838806152344,"y":364.3039245605469,"z":-2.7534711360931398},"rotation":{"x":0.08408105373382569,"y":0.05676236376166344,"z":-0.004797413479536772,"w":0.9948293566703796},"size":91.4095687866211,"orthographic":false}