{"cameraMode":{"drawMode":0,"name":"Shaded","section":"Shading Mode"},"sceneLighting":false,"audioPlay":false,"sceneViewState":{"showFog":true,"showMaterialUpdate":true,"showSkybox":true,"showFlares":true,"showImageEffects":true,"showParticleSystems":true},"in2DMode":false,"pivot":{"x":2.141383647918701,"y":-0.2349388748407364,"z":-0.3417433500289917},"rotation":{"x":0.05546366795897484,"y":-0.10762764513492584,"z":0.006013795733451843,"w":0.992624819278717},"size":1.9208192825317383,"orthographic":false}