{"cameraMode":{"drawMode":0,"name":"Shaded","section":"Shading Mode"},"sceneLighting":false,"audioPlay":false,"sceneViewState":{"showFog":true,"showMaterialUpdate":true,"showSkybox":true,"showFlares":true,"showImageEffects":true,"showParticleSystems":true},"in2DMode":false,"pivot":{"x":303.97247314453127,"y":349.22283935546877,"z":-2.723545789718628},"rotation":{"x":0.10337140411138535,"y":-0.5528591275215149,"z":0.0693628340959549,"w":0.8239269256591797},"size":108.5037841796875,"orthographic":false}