{"cameraMode":{"drawMode":0,"name":"Shaded","section":"Shading Mode"},"sceneLighting":false,"audioPlay":false,"sceneViewState":{"showFog":true,"showMaterialUpdate":true,"showSkybox":true,"showFlares":true,"showImageEffects":true,"showParticleSystems":true},"in2DMode":false,"pivot":{"x":433.6513977050781,"y":370.61865234375,"z":21.62877655029297},"rotation":{"x":0.05728468298912048,"y":-0.007491991855204105,"z":0.0004299303109291941,"w":0.9983296990394592},"size":155.55950927734376,"orthographic":false}