{"cameraMode":{"drawMode":0,"name":"Shaded","section":"Shading Mode"},"sceneLighting":false,"audioPlay":false,"sceneViewState":{"showFog":true,"showMaterialUpdate":true,"showSkybox":true,"showFlares":true,"showImageEffects":true,"showParticleSystems":true},"in2DMode":false,"pivot":{"x":334.24176025390627,"y":374.9689636230469,"z":-34.182472229003909},"rotation":{"x":0.05129380524158478,"y":-0.00299942959100008,"z":0.000154233566718176,"w":0.9986791014671326},"size":127.50200653076172,"orthographic":false}