{"cameraMode":{"drawMode":0,"name":"Shaded","section":"Shading Mode"},"sceneLighting":true,"audioPlay":false,"sceneViewState":{"showFog":true,"showMaterialUpdate":true,"showSkybox":true,"showFlares":true,"showImageEffects":true,"showParticleSystems":true},"in2DMode":false,"pivot":{"x":622.165283203125,"y":372.951416015625,"z":-311.86944580078127},"rotation":{"x":0.0722542554140091,"y":-0.001499625388532877,"z":0.00010871280392166227,"w":0.9973851442337036},"size":53.58086013793945,"orthographic":false}