{"cameraMode":{"drawMode":0,"name":"Shaded","section":"Shading Mode"},"sceneLighting":true,"audioPlay":false,"sceneViewState":{"showFog":true,"showMaterialUpdate":true,"showSkybox":true,"showFlares":true,"showImageEffects":true,"showParticleSystems":true},"in2DMode":false,"pivot":{"x":666.0243530273438,"y":327.0107727050781,"z":-80.1273193359375},"rotation":{"x":-0.019184062257409097,"y":-0.007500920910388231,"z":-0.00014372251462191343,"w":0.9997878670692444},"size":644.5912475585938,"orthographic":false}