{"cameraMode":{"drawMode":0,"name":"Shaded","section":"Shading Mode"},"sceneLighting":false,"audioPlay":false,"sceneViewState":{"showFog":true,"showMaterialUpdate":true,"showSkybox":true,"showFlares":true,"showImageEffects":true,"showParticleSystems":true},"in2DMode":false,"pivot":{"x":482.9390563964844,"y":375.9557800292969,"z":-47.27138900756836},"rotation":{"x":0.04230261966586113,"y":0.008988318033516407,"z":-0.00038038837374188006,"w":0.9990643262863159},"size":52.9431037902832,"orthographic":false}