{"cameraMode":{"drawMode":0,"name":"Shaded","section":"Shading Mode"},"sceneLighting":true,"audioPlay":false,"sceneViewState":{"showFog":true,"showMaterialUpdate":true,"showSkybox":true,"showFlares":true,"showImageEffects":true,"showParticleSystems":true},"in2DMode":false,"pivot":{"x":604.1270751953125,"y":367.1897277832031,"z":-95.08346557617188},"rotation":{"x":-0.01318516954779625,"y":0.004496985115110874,"z":0.00005954582957201637,"w":0.9999030232429504},"size":531.1597290039063,"orthographic":false}