{"cameraMode":{"drawMode":0,"name":"Shaded","section":"Shading Mode"},"sceneLighting":true,"audioPlay":false,"sceneViewState":{"showFog":true,"showMaterialUpdate":true,"showSkybox":true,"showFlares":true,"showImageEffects":true,"showParticleSystems":true},"in2DMode":false,"pivot":{"x":988.019775390625,"y":356.26080322265627,"z":-95.68226623535156},"rotation":{"x":0.2828728258609772,"y":0.2795509397983551,"z":-0.08657263219356537,"w":0.9134218692779541},"size":298.341552734375,"orthographic":false}