{"cameraMode":{"drawMode":0,"name":"Shaded","section":"Shading Mode"},"sceneLighting":true,"audioPlay":false,"sceneViewState":{"showFog":true,"showMaterialUpdate":true,"showSkybox":true,"showFlares":true,"showImageEffects":true,"showParticleSystems":true},"in2DMode":false,"pivot":{"x":476.7673034667969,"y":116.5308837890625,"z":609.528076171875},"rotation":{"x":0.18225277960300446,"y":0.020642688497900964,"z":-0.003827163949608803,"w":0.9830275774002075},"size":1866.69580078125,"orthographic":false}