{"cameraMode":{"drawMode":0,"name":"Shaded","section":"Shading Mode"},"sceneLighting":false,"audioPlay":false,"sceneViewState":{"showFog":true,"showMaterialUpdate":true,"showSkybox":true,"showFlares":true,"showImageEffects":true,"showParticleSystems":true},"in2DMode":false,"pivot":{"x":385.57147216796877,"y":267.1444396972656,"z":99.3076400756836},"rotation":{"x":0.3369476795196533,"y":0.026823127642273904,"z":-0.009603951126337052,"w":0.9410922527313232},"size":258.66632080078127,"orthographic":false}