{"cameraMode":{"drawMode":0,"name":"Shaded","section":"Shading Mode"},"sceneLighting":false,"audioPlay":false,"sceneViewState":{"showFog":true,"showMaterialUpdate":true,"showSkybox":true,"showFlares":true,"showImageEffects":true,"showParticleSystems":true},"in2DMode":false,"pivot":{"x":267.7637023925781,"y":357.1170959472656,"z":-59.736717224121097},"rotation":{"x":0.1111999973654747,"y":-0.502171516418457,"z":0.06530411541461945,"w":0.8550987243652344},"size":113.91295623779297,"orthographic":false}