{"cameraMode":{"drawMode":0,"name":"Shaded","section":"Shading Mode"},"sceneLighting":false,"audioPlay":false,"sceneViewState":{"showFog":true,"showMaterialUpdate":true,"showSkybox":true,"showFlares":true,"showImageEffects":true,"showParticleSystems":true},"in2DMode":false,"pivot":{"x":294.0180358886719,"y":368.0697326660156,"z":-13.681471824645996},"rotation":{"x":0.053467873483896258,"y":-0.4609422981739044,"z":0.027836380526423456,"w":0.8853803277015686},"size":106.05484008789063,"orthographic":false}