{"cameraMode":{"drawMode":0,"name":"Shaded","section":"Shading Mode"},"sceneLighting":true,"audioPlay":false,"sceneViewState":{"showFog":true,"showMaterialUpdate":true,"showSkybox":true,"showFlares":true,"showImageEffects":true,"showParticleSystems":true},"in2DMode":false,"pivot":{"x":937.44287109375,"y":253.9940948486328,"z":551.4107055664063},"rotation":{"x":0.08168254047632218,"y":0.24265728890895844,"z":-0.020508935675024987,"w":0.9664496183395386},"size":1279.973876953125,"orthographic":false}