{"cameraMode":{"drawMode":0,"name":"Shaded","section":"Shading Mode"},"sceneLighting":false,"audioPlay":false,"sceneViewState":{"showFog":true,"showMaterialUpdate":true,"showSkybox":true,"showFlares":true,"showImageEffects":true,"showParticleSystems":true},"in2DMode":false,"pivot":{"x":631.0178833007813,"y":289.65069580078127,"z":10.15087890625},"rotation":{"x":0.17633196711540223,"y":0.023617146536707879,"z":-0.00423223152756691,"w":0.9840383529663086},"size":331.9217834472656,"orthographic":false}