{"cameraMode":{"drawMode":0,"name":"Shaded","section":"Shading Mode"},"sceneLighting":false,"audioPlay":false,"sceneViewState":{"showFog":true,"showMaterialUpdate":true,"showSkybox":true,"showFlares":true,"showImageEffects":true,"showParticleSystems":true},"in2DMode":false,"pivot":{"x":-15.466614723205567,"y":7.655095100402832,"z":13.937517166137696},"rotation":{"x":0.04978642240166664,"y":0.007488069124519825,"z":-0.00037366824108175933,"w":0.998731791973114},"size":114.51394653320313,"orthographic":false}