{"cameraMode":{"drawMode":0,"name":"Shaded","section":"Shading Mode"},"sceneLighting":false,"audioPlay":false,"sceneViewState":{"showFog":true,"showMaterialUpdate":true,"showSkybox":true,"showFlares":true,"showImageEffects":true,"showParticleSystems":true},"in2DMode":false,"pivot":{"x":379.3816223144531,"y":368.8934631347656,"z":36.775569915771487},"rotation":{"x":0.03176770359277725,"y":-0.04795743525028229,"z":0.0015258579514920712,"w":0.9983429312705994},"size":108.5037841796875,"orthographic":false}