{"cameraMode":{"drawMode":0,"name":"Shaded","section":"Shading Mode"},"sceneLighting":true,"audioPlay":false,"sceneViewState":{"showFog":true,"showMaterialUpdate":true,"showSkybox":true,"showFlares":true,"showImageEffects":true,"showParticleSystems":true},"in2DMode":false,"pivot":{"x":784.7752075195313,"y":410.44561767578127,"z":-32.02210998535156},"rotation":{"x":0.1941431313753128,"y":-0.11740486323833466,"z":0.023410461843013765,"w":0.9736408591270447},"size":298.341552734375,"orthographic":false}