{"cameraMode":{"drawMode":0,"name":"Shaded","section":"Shading Mode"},"sceneLighting":true,"audioPlay":false,"sceneViewState":{"showFog":true,"showMaterialUpdate":true,"showSkybox":true,"showFlares":true,"showImageEffects":true,"showParticleSystems":true},"in2DMode":false,"pivot":{"x":673.0274658203125,"y":297.64520263671877,"z":370.05413818359377},"rotation":{"x":0.07524861395359039,"y":-0.00149936368688941,"z":0.00011263413762208074,"w":0.997163712978363},"size":1057.546142578125,"orthographic":false}