{"cameraMode":{"drawMode":0,"name":"Shaded","section":"Shading Mode"},"sceneLighting":true,"audioPlay":false,"sceneViewState":{"showFog":true,"showMaterialUpdate":true,"showSkybox":true,"showFlares":true,"showImageEffects":true,"showParticleSystems":true},"in2DMode":false,"pivot":{"x":648.5481567382813,"y":243.30909729003907,"z":-606.7382202148438},"rotation":{"x":-0.05066754296422005,"y":0.00748523510992527,"z":0.0003798712568823248,"w":0.9986894130706787},"size":12.461819648742676,"orthographic":false}