{"cameraMode":{"drawMode":0,"name":"Shaded","section":"Shading Mode"},"sceneLighting":false,"audioPlay":false,"sceneViewState":{"showFog":true,"showMaterialUpdate":true,"showSkybox":true,"showFlares":true,"showImageEffects":true,"showParticleSystems":true},"in2DMode":false,"pivot":{"x":458.8938293457031,"y":418.6907653808594,"z":-0.7693023681640625},"rotation":{"x":0.12441941350698471,"y":0.03273284435272217,"z":-0.004107037093490362,"w":0.9916811585426331},"size":40.06539535522461,"orthographic":false}