{"cameraMode":{"drawMode":0,"name":"Shaded","section":"Shading Mode"},"sceneLighting":false,"audioPlay":false,"sceneViewState":{"showFog":true,"showMaterialUpdate":true,"showSkybox":true,"showFlares":true,"showImageEffects":true,"showParticleSystems":true},"in2DMode":false,"pivot":{"x":-29.02553939819336,"y":-117.39125061035156,"z":279.9450988769531},"rotation":{"x":0.16449807584285737,"y":-0.026628898456692697,"z":0.004442292265594006,"w":0.9860079288482666},"size":467.7648010253906,"orthographic":false}