{"cameraMode":{"drawMode":0,"name":"Shaded","section":"Shading Mode"},"sceneLighting":false,"audioPlay":false,"sceneViewState":{"showFog":true,"showMaterialUpdate":true,"showSkybox":true,"showFlares":true,"showImageEffects":true,"showParticleSystems":true},"in2DMode":false,"pivot":{"x":475.463134765625,"y":373.4271545410156,"z":-36.4447021484375},"rotation":{"x":0.06322650611400604,"y":0.03890861198306084,"z":-0.002466639271005988,"w":0.9972374439239502},"size":97.50963592529297,"orthographic":false}