{"cameraMode":{"drawMode":0,"name":"Shaded","section":"Shading Mode"},"sceneLighting":false,"audioPlay":false,"sceneViewState":{"showFog":true,"showMaterialUpdate":true,"showSkybox":true,"showFlares":true,"showImageEffects":true,"showParticleSystems":true},"in2DMode":false,"pivot":{"x":464.8900146484375,"y":424.80999755859377,"z":0.0},"rotation":{"x":0.06622941792011261,"y":0.03142095357179642,"z":-0.0020868827123194935,"w":0.9973074197769165},"size":165.2479705810547,"orthographic":false}