{"cameraMode":{"drawMode":0,"name":"Shaded","section":"Shading Mode"},"sceneLighting":false,"audioPlay":false,"sceneViewState":{"showFog":true,"showMaterialUpdate":true,"showSkybox":true,"showFlares":true,"showImageEffects":true,"showParticleSystems":true},"in2DMode":false,"pivot":{"x":337.6615905761719,"y":373.0679931640625,"z":-34.41828918457031},"rotation":{"x":0.05877944082021713,"y":0.01047827024012804,"z":-0.000616830016952008,"w":0.9982158541679382},"size":116.75740814208985,"orthographic":false}