{"cameraMode":{"drawMode":0,"name":"Shaded","section":"Shading Mode"},"sceneLighting":false,"audioPlay":false,"sceneViewState":{"showFog":true,"showMaterialUpdate":true,"showSkybox":true,"showFlares":true,"showImageEffects":true,"showParticleSystems":true},"in2DMode":false,"pivot":{"x":332.1000061035156,"y":372.0249938964844,"z":-34.56300354003906},"rotation":{"x":0.06326844543218613,"y":-0.013475915417075158,"z":0.0008545683813281357,"w":0.9979051947593689},"size":116.75740814208985,"orthographic":false}